Gini initial,Gini mean final,SE,Scenario
0.6578696983927153,0.6559156276142718,0.00281246432982487,Only climate no outliers - Global - Prec
0.6578696983927153,0.8179075839942307,0.00497946547736773,Only climate no outliers - Global - Prec+Temp
0.47957156536091594,0.6423383047070413,0.01538489821140125,Only climate no outliers - Top20 - Prec
0.47957156536091594,0.8181059965787819,0.01909001929162431,Only climate no outliers - Top20 - Prec+Temp
0.6578696983927153,0.628425074398515,0.002272730606361196,SSP3 RCP85 - Global - Prec
0.6578696983927153,0.8198858806322636,0.006951642965872267,SSP3 RCP85 - Global - Prec+Temp
0.47957156536091594,0.6754623277936898,0.012480328044362086,SSP3 RCP85 - Top20 - Prec
0.47957156536091594,0.799072312537889,0.014115577645844073,SSP3 RCP85 - Top20 - Prec+Temp
